Marcaj de timp,În acest moment aveți calitatea de :,Vârsta : ,Câte tranzacții online ați efectuat în perioada (feb-aprilie 2021) ?,În ce masură contează pentru tine beneficiile achizitiilor online mentionate mai jos? [Posibilitatea de a realiza comparații],În ce masură contează pentru tine beneficiile achizitiilor online mentionate mai jos? [Accesibilitatea 24/24],În ce masură contează pentru tine beneficiile achizitiilor online mentionate mai jos? [Oportunitatea de a plăti un preț mai mic],În ce masură contează pentru tine beneficiile achizitiilor online mentionate mai jos? [Acces la o gamă mai largă de produse],În ce masură contează pentru tine beneficiile achizitiilor online mentionate mai jos? [Abilitatea de a împărtăși experiențe pe rețelele de socializare],În ce masură sunteți influențat de factorii de mai jos atunci cand vrei sa realizezi achiziții online?  [Experiența personală],În ce masură sunteți influențat de factorii de mai jos atunci cand vrei sa realizezi achiziții online?  [Review-urile de pe site],În ce masură sunteți influențat de factorii de mai jos atunci cand vrei sa realizezi achiziții online?  [Opiniile celor apropiați],În ce masură sunteți influențat de factorii de mai jos atunci cand vrei sa realizezi achiziții online?  [Informația care ți-o oferă motoarele de căutare],În ce masură conteaza elementele enumarate mai jos atunci când alegeți un magazin online?  [Brand-ul ],În ce masură conteaza elementele enumarate mai jos atunci când alegeți un magazin online?  [Ușurința utilizării website-ului],În ce masură conteaza elementele enumarate mai jos atunci când alegeți un magazin online?  [Politica de return],În ce masură conteaza elementele enumarate mai jos atunci când alegeți un magazin online?  [Diversitatea gamei de produse],În ce masură conteaza elementele enumarate mai jos atunci când alegeți un magazin online?  [Posibilitatea de a urmări comanda],În ce masură obișnuiți sa vă documentați înainte de a plasa o comandă online? ,Ce categorie de produse cumpărați cel mai mult online? ,Cât de frecvent efectuați achiziții online pe lună?,În ce masură ați întâmpinat problemele de mai jos atunci cand ați comandat un produs de pe internet? [Timpul de livrare nu a fost respectat],În ce masură ați întâmpinat problemele de mai jos atunci cand ați comandat un produs de pe internet? [Produsul a ajuns cu defecte],În ce masură ați întâmpinat problemele de mai jos atunci cand ați comandat un produs de pe internet? [Costuri mari cu livrarea],În ce masură ați întâmpinat problemele de mai jos atunci cand ați comandat un produs de pe internet? [Calitate inferioară],În ce masură ați întâmpinat problemele de mai jos atunci cand ați comandat un produs de pe internet? [Returnarea produsului a fost dificilă],Ce ați făcut atunci când ați întâlnit o problemă cu produsul achiziționat online?,"În urma experiențelor dvs.  privind achizițiile online, care considerați ca a fost cea mai bună? De ce?",Dar cea mai puțin bună? De ce?,Numărul mediu pe care îl petreceți online (înafara cursurilor online).,Nivelul de studii  absolvit :,Genul :
2021/04/27 11:37:42 a.m. GMT+3,Student,18 - 21 ani,Peste 5 tranzacții online,3,4,2,3,4,4,4,3,4,3,4,4,3,3,4,Cărți și reviste,o dată pe lună,3,4,4,3,4,Am comunicat cu vanzătorul online pentru a remedia situația.,"Cumpărarea unor bilete de avion, pentrucă a fost rapid și accesibil tot procesul","o carte, livrarea a durat foarte mult",Mai mult de 3 ore,Studii liceale,Feminin
2021/04/27 12:00:13 p.m. GMT+3,Student,18 - 21 ani,Peste 5 tranzacții online,2,4,3,5,1,2,1,3,1,4,2,3,4,4,2,Haine și încăltăminte,o dată pe săptămână,2,2,3,2,1,Am comunicat cu vanzătorul online pentru a remedia situația.,Toate achizitiile care nu au trebuit returnate au fost bune in egala masura.,"Cele carora a trebuit sa le fac retur, din cauza defectelor de fabricatie.",Mai mult de 3 ore,Studii liceale,Feminin
2021/04/27 12:04:24 p.m. GMT+3,Student,22 - 24 ani,Peste 5 tranzacții online,5,5,4,5,5,4,4,4,2,3,5,3,5,5,5,Accesorii / produse de îngrijire personală,o dată pe lună,3,2,4,2,3,Am comunicat cu vanzătorul online pentru a remedia situația.,O experiență în care mi se comunică constant starea livrării si la final mi se cere feed-back mi se pare cea mai potrivită. ,"Cea mai puțin bună a fost o experiență în care nu am fost notificată deloc de starea livrării, au intervenit dificultăți privind contractarea curierului, nefiind disponibilă în acel moment, ca la final să fiu blamată eu deși comunicarea a fost neeficientă",Mai mult de 3 ore,Studii liceale,Feminin
2021/04/27 4:32:49 p.m. GMT+3,Student,18 - 21 ani,Peste 5 tranzacții online,3,3,5,5,3,5,4,3,5,5,4,4,4,4,4,Haine și încăltăminte,o dată pe lună,5,3,5,4,5,Am comunicat cu vanzătorul online pentru a remedia situația.,Comenzile de pe Aboutyou deoarece puteam urmari comanda,Coletul mi-a venit cu 2 saptamani intarziere,Între 2-3 ore,Studii liceale,Feminin
2021/04/27 4:33:29 p.m. GMT+3,Student,18 - 21 ani,Mai puțin de 5 tranzacții online,,,,,,,,,,,,,,,,,,,,,,,,,,,,
2021/04/27 4:36:34 p.m. GMT+3,Student,18 - 21 ani,Mai puțin de 5 tranzacții online,,,,,,,,,,,,,,,,,,,,,,,,,,,,
2021/04/27 4:37:32 p.m. GMT+3,Student,18 - 21 ani,Mai puțin de 5 tranzacții online,,,,,,,,,,,,,,,,,,,,,,,,,,,,
2021/04/27 4:37:33 p.m. GMT+3,Student,18 - 21 ani,Mai puțin de 5 tranzacții online,,,,,,,,,,,,,,,,,,,,,,,,,,,,
2021/04/27 4:39:27 p.m. GMT+3,Absolvent  de Studii Superioare,22 - 24 ani,Mai puțin de 5 tranzacții online,,,,,,,,,,,,,,,,,,,,,,,,,,,,
2021/04/27 4:40:08 p.m. GMT+3,Student,18 - 21 ani,Mai puțin de 5 tranzacții online,,,,,,,,,,,,,,,,,,,,,,,,,,,,
2021/04/27 4:40:54 p.m. GMT+3,Student,25 - 30 ani,Mai puțin de 5 tranzacții online,,,,,,,,,,,,,,,,,,,,,,,,,,,,
2021/04/27 4:41:03 p.m. GMT+3,Absolvent  de Studii Superioare,25 - 30 ani,Peste 5 tranzacții online,3,5,5,5,5,4,5,4,4,4,5,5,4,4,5,Haine și încăltăminte,de 2-3 ori pe lună,4,2,2,3,3,Am comunicat cu vanzătorul online pentru a remedia situația.,"Haine, e mai ușor decât de umblat prin magazine, plus că poți prinde oferte mai bune",Nu știu să zic,Între 2-3 ore,Studii post-universitare,Feminin
2021/04/27 4:41:21 p.m. GMT+3,Student,18 - 21 ani,Peste 5 tranzacții online,5,5,5,5,1,5,3,5,3,3,3,5,5,5,5,Mâncare,o dată pe săptămână,3,2,2,2,3,Am comunicat cu vanzătorul online pentru a remedia situația.,"Am comandat o dată, printre altele, niște becuri de la Auchan și mi-au ajuns pe culori diferite. Am sunat la ei și în câteva ore au trimis pe cineva și am făcut schimbul de becuri.",Mi-au pus că ajung după masa după ora 14 și au ajuns la 21. I-am așteptat toată ziua degeaba.,Mai mult de 3 ore,Studii liceale,Feminin
2021/04/27 4:41:59 p.m. GMT+3,Student,25 - 30 ani,Peste 5 tranzacții online,4,4,1,4,1,4,4,1,1,4,4,4,4,4,3,Haine și încăltăminte,de 2-3 ori pe lună,4,2,2,2,4,Am comunicat cu vanzătorul online pentru a remedia situația.,"Achizitii de pe about you , livrare rapida ,retur gratuit . Foarte incantata .","Am achizitionat un compleu iar cand a ajuns nu era deloc calitatea din descrierea produsului ,dezamagita total .",Între 2-3 ore,Studii liceale,Feminin
2021/04/27 4:42:01 p.m. GMT+3,Student,18 - 21 ani,Mai puțin de 5 tranzacții online,,,,,,,,,,,,,,,,,,,,,,,,,,,,
2021/04/27 4:42:20 p.m. GMT+3,Student,18 - 21 ani,Mai puțin de 5 tranzacții online,,,,,,,,,,,,,,,,,,,,,,,,,,,,
2021/04/27 4:43:08 p.m. GMT+3,Student,22 - 24 ani,Mai puțin de 5 tranzacții online,,,,,,,,,,,,,,,,,,,,,,,,,,,,
2021/04/27 4:44:52 p.m. GMT+3,Student,18 - 21 ani,Mai puțin de 5 tranzacții online,,,,,,,,,,,,,,,,,,,,,,,,,,,,
2021/04/27 4:44:56 p.m. GMT+3,Student,18 - 21 ani,Mai puțin de 5 tranzacții online,,,,,,,,,,,,,,,,,,,,,,,,,,,,
2021/04/27 4:46:06 p.m. GMT+3,Student,25 - 30 ani,Peste 5 tranzacții online,5,5,5,5,5,5,5,5,4,3,3,4,5,4,4,Accesorii / produse de îngrijire personală,o dată pe lună,4,4,5,5,5,Am comunicat cu vanzătorul online pentru a remedia situația.,Cumparaturile de oa farmacii/ produse de ingrijire persoanala ,Am cumparat un corset pentru spate care arata in poze intr-un fel si fizic nici nu seamana cu poza,Mai mult de 3 ore,Studii liceale,Feminin
2021/04/27 4:48:25 p.m. GMT+3,Absolvent  de Studii Superioare,22 - 24 ani,Peste 5 tranzacții online,5,5,5,5,3,4,4,4,3,4,4,4,4,4,5,Mâncare,de 2-3 ori pe săptămână,2,2,4,2,1,Am comunicat cu vanzătorul online pentru a remedia situația.,.,.,Între 2-3 ore,Studii universitare,Feminin
2021/04/27 4:48:48 p.m. GMT+3,Student,22 - 24 ani,Peste 5 tranzacții online,3,3,3,4,3,3,4,1,4,3,4,1,3,5,5,Electronice,de 2-3 ori pe lună,2,3,1,2,1,Am comunicat cu vanzătorul online pentru a remedia situația.,Cea mai buna a fost cea de la Pc Garage. Produsele au ajuns repede in ciuda faptului ca nu erau in stoc la momentul respectiv.,Achizitionarea unui produs de Black-Friday de la emag. Produsul a ajuns deteriorat si nu l am putut returna.,Mai mult de 3 ore,Studii universitare,Masculin
2021/04/27 4:49:13 p.m. GMT+3,Student,18 - 21 ani,Mai puțin de 5 tranzacții online,,,,,,,,,,,,,,,,,,,,,,,,,,,,
2021/04/27 4:51:57 p.m. GMT+3,Student,22 - 24 ani,Peste 5 tranzacții online,5,5,5,5,5,5,5,4,3,3,5,4,5,5,4,Accesorii / produse de îngrijire personală,de 2-3 ori pe lună,2,2,2,2,2,Am comunicat cu vanzătorul online pentru a remedia situația.,-,-,Mai mult de 3 ore,Studii liceale,Feminin
2021/04/27 4:52:38 p.m. GMT+3,Student,22 - 24 ani,Mai puțin de 5 tranzacții online,,,,,,,,,,,,,,,,,,,,,,,,,,,,
2021/04/27 4:55:27 p.m. GMT+3,Student,22 - 24 ani,Mai puțin de 5 tranzacții online,,,,,,,,,,,,,,,,,,,,,,,,,,,,
2021/04/27 4:56:06 p.m. GMT+3,Student,18 - 21 ani,Mai puțin de 5 tranzacții online,,,,,,,,,,,,,,,,,,,,,,,,,,,,
2021/04/27 4:56:07 p.m. GMT+3,Student,18 - 21 ani,Peste 5 tranzacții online,3,5,5,2,1,5,4,5,3,3,1,1,3,3,3,Accesorii / produse de îngrijire personală,de 2-3 ori pe săptămână,1,1,3,1,1,Am comunicat cu vanzătorul online pentru a remedia situația.,Cand comanda vine foarte repede,Cand taxa de trasport a fost foarte mare,Mai mult de 3 ore,Studii liceale,Feminin
2021/04/27 5:06:28 p.m. GMT+3,Absolvent  de Studii Superioare,22 - 24 ani,Mai puțin de 5 tranzacții online,,,,,,,,,,,,,,,,,,,,,,,,,,,,
2021/04/27 5:09:25 p.m. GMT+3,Student,18 - 21 ani,Mai puțin de 5 tranzacții online,,,,,,,,,,,,,,,,,,,,,,,,,,,,
2021/04/27 5:09:56 p.m. GMT+3,Student,18 - 21 ani,Peste 5 tranzacții online,5,5,5,5,5,5,5,5,4,3,4,3,4,4,5,Haine și încăltăminte,de 2-3 ori pe lună,3,2,2,2,1,Am comunicat cu vanzătorul online pentru a remedia situația.,Cea in care am comandat o periuță de dinți electrica care mi-a schimbat viața in mod pozitiv. ,"Am comandat inainte de Crăciun mai multe lucruri de pe un site, timpul in care trebuia sa ajunga comanda era pana in 20 decembrie, dar comanda a ajuns in ianuarie. ",Între 2-3 ore,Studii liceale,Feminin
2021/04/27 5:11:08 p.m. GMT+3,Absolvent  de Studii Superioare,25 - 30 ani,Peste 5 tranzacții online,5,5,3,5,1,3,3,3,4,4,3,3,3,3,5,Accesorii / produse de îngrijire personală,de 2-3 ori pe lună,3,2,2,2,1,Am comunicat cu vanzătorul online pentru a remedia situația.,"Cea mai buna experienta de shopping online este, in general, cea care nu vine cu surprize. Stii exact cat este timpul de livrare, ca totul vine ambalat corespunzator si ca esti la curent cu statusul comenzii. ","La polul opus, experientele mai putin placute constau in intarzierea livrarilor, a restituirii sumei in cont si a deteriorarii produselor din diferite cauze. ",Între 2-3 ore,Studii post-universitare,Feminin
2021/04/27 5:11:23 p.m. GMT+3,Student,22 - 24 ani,Peste 5 tranzacții online,5,5,5,5,1,5,3,3,3,5,5,2,4,4,4,Haine și încăltăminte,de 2-3 ori pe lună,2,1,2,2,1,Nu am luat nicio acțiune.,Majoritatea,-,Între 2-3 ore,Studii universitare,Feminin
2021/04/27 5:14:51 p.m. GMT+3,Absolvent  de Studii Superioare,25 - 30 ani,Mai puțin de 5 tranzacții online,,,,,,,,,,,,,,,,,,,,,,,,,,,,
2021/04/27 5:15:31 p.m. GMT+3,Student,22 - 24 ani,Peste 5 tranzacții online,4,5,4,3,1,5,2,2,3,5,4,3,5,5,4,Accesorii / produse de îngrijire personală,o dată pe lună,1,3,3,4,1,Nu am luat nicio acțiune.,Cea mai bună achiziție online a fost a produselor de make up pentru că a fost livrată a doua zi și prețul minim pentru o livrare gratuită este comod ,"Cea mai puțin bună a fost de pe site precum amazon, ebay pentru ca perioada de livrare a fost mare și nici nu merita efortul sa faci retur ",Mai mult de 3 ore,Studii liceale,Feminin
2021/04/27 5:17:07 p.m. GMT+3,Student,18 - 21 ani,Peste 5 tranzacții online,1,3,3,5,3,4,2,4,1,2,3,1,5,3,3,Mâncare,de 2-3 ori pe lună,2,1,3,3,5,Nu am luat nicio acțiune.,Cea mai buna experienta a fost atunci cand am comandat mancare si mi s-a adus un produs supriza/extra gratis la ce am comandat.,Atunci cand mancarea a fost rece si necalitativa.,Între 2-3 ore,Studii liceale,Feminin
2021/04/27 5:18:43 p.m. GMT+3,Student,18 - 21 ani,Peste 5 tranzacții online,5,5,2,5,1,1,3,3,2,3,1,2,1,2,1,Haine și încăltăminte,de 2-3 ori pe lună,1,3,2,2,3,Am comunicat cu vanzătorul online pentru a remedia situația.,. ,. ,Mai mult de 3 ore,Studii universitare,Feminin
2021/04/27 5:20:43 p.m. GMT+3,Student,18 - 21 ani,Mai puțin de 5 tranzacții online,,,,,,,,,,,,,,,,,,,,,,,,,,,,
2021/04/27 5:25:25 p.m. GMT+3,Absolvent  de Studii Superioare,25 - 30 ani,Peste 5 tranzacții online,4,4,4,4,2,4,4,4,4,2,4,2,4,4,3,Accesorii / produse de îngrijire personală,o dată pe lună,1,1,1,1,2,Nu am luat nicio acțiune.,"Produse de ingrijire, deoarece în momentul în care știi ce nevoi ai știi și ce sa cumperi. Nu ai cum sa dai greșit ca nu s-ar potrivi, ca la haine spre exemplu.","Hainele. Uneori nu se potrivește mărimea, culoarea e diferita, materialul nu e pe gustul meu.",Mai mult de 3 ore,Studii universitare,Feminin
2021/04/27 5:25:37 p.m. GMT+3,Student,18 - 21 ani,Mai puțin de 5 tranzacții online,,,,,,,,,,,,,,,,,,,,,,,,,,,,
2021/04/27 5:26:31 p.m. GMT+3,Student,18 - 21 ani,Mai puțin de 5 tranzacții online,,,,,,,,,,,,,,,,,,,,,,,,,,,,
2021/04/27 5:27:05 p.m. GMT+3,Student,22 - 24 ani,Mai puțin de 5 tranzacții online,,,,,,,,,,,,,,,,,,,,,,,,,,,,
2021/04/27 5:29:14 p.m. GMT+3,Absolvent  de Studii Superioare,25 - 30 ani,Mai puțin de 5 tranzacții online,,,,,,,,,,,,,,,,,,,,,,,,,,,,
2021/04/27 5:33:10 p.m. GMT+3,Student,18 - 21 ani,Peste 5 tranzacții online,4,5,5,3,5,5,5,4,3,3,2,5,5,5,5,Haine și încăltăminte,o dată pe lună,2,1,1,1,1,Am comunicat cu vanzătorul online pentru a remedia situația.,"Achiziționarea hainelor,deoarece au ajuns în stare impecabila ","Accesorii, deoarece au ajuns deteriorate ",Între 2-3 ore,Studii liceale,Feminin
2021/04/27 5:36:20 p.m. GMT+3,Absolvent  de Studii Superioare,25 - 30 ani,Peste 5 tranzacții online,3,3,3,2,1,5,4,4,4,2,5,5,2,4,4,Accesorii / produse de îngrijire personală,de 2-3 ori pe lună,4,2,5,5,5,L-am returnat,"Îmi pare puțin cam vagă întrebarea. Dar o achiziție online buna este când are livrare gratuita, se livrează rapid, produsul este bun, iar politica de retur este și ea rapida atât ca preluare de acasă cât și ca restituirea banilor.","Calitatea produselor este mult inferioara, mărimile nu corespund (același model și marime dar fizic total diferite), livrare scumpă desi comanda e valoroasă, returul face mai mult decât produsul in sine, curierii nu aduc produsul la ușă, pretind reduceri, care sunt de fapt false.",Mai mult de 3 ore,Studii post-universitare,Feminin
2021/04/27 5:41:23 p.m. GMT+3,Student,18 - 21 ani,Peste 5 tranzacții online,3,5,5,5,1,3,2,1,5,5,5,4,5,5,4,Accesorii / produse de îngrijire personală,o dată pe lună,1,2,3,1,1,Am povestit persoanelor apropiate despre experiența negativă.,Mi-a plăcut extraordinar de mult când am comandat cărți și au ajuns extrem de repede.,Atunci când am comandat un produs și a ajuns spart. ,Mai mult de 3 ore,Studii liceale,Feminin
2021/04/27 5:48:06 p.m. GMT+3,Student,18 - 21 ani,Peste 5 tranzacții online,5,5,4,4,4,5,4,4,4,5,4,4,4,4,5,Accesorii / produse de îngrijire personală,o dată pe lună,2,2,3,2,1,Am comunicat cu vanzătorul online pentru a remedia situația.,"Achizitia de produse de ingrijire personala, deoarece online sunt mult mai ieftine decat in magazine/farmacii.","Achizitia unor pijamale, deoarece am primit o alta marime decat cea comandata.",Mai mult de 3 ore,Studii liceale,Feminin
2021/04/27 5:48:20 p.m. GMT+3,Absolvent  de Studii Superioare,22 - 24 ani,Peste 5 tranzacții online,3,5,2,5,1,5,4,5,2,3,4,5,5,5,4,Haine și încăltăminte,de 2-3 ori pe lună,3,1,3,2,3,Am comunicat cu vanzătorul online pentru a remedia situația.,-,-,Între 2-3 ore,Studii universitare,Feminin
2021/04/27 5:49:01 p.m. GMT+3,Absolvent  de Studii Superioare,22 - 24 ani,Mai puțin de 5 tranzacții online,,,,,,,,,,,,,,,,,,,,,,,,,,,,
2021/04/27 5:49:44 p.m. GMT+3,Absolvent  de Studii Superioare,22 - 24 ani,Peste 5 tranzacții online,3,5,5,5,3,5,4,4,1,1,5,5,5,5,1,Cărți și reviste,de 2-3 ori pe lună,1,1,1,1,1,Am comunicat cu vanzătorul online pentru a remedia situația.,"Pana acum toate experiențele au fost bune, conform așteptărilor mele.",Nu am avut încă experiențe neplăcute cu achizițiile online.,Mai mult de 3 ore,Studii universitare,Feminin
2021/04/27 5:53:06 p.m. GMT+3,Student,22 - 24 ani,Mai puțin de 5 tranzacții online,,,,,,,,,,,,,,,,,,,,,,,,,,,,
2021/04/27 5:56:14 p.m. GMT+3,Absolvent  de Studii Superioare,25 - 30 ani,Mai puțin de 5 tranzacții online,,,,,,,,,,,,,,,,,,,,,,,,,,,,
2021/04/27 5:56:30 p.m. GMT+3,Absolvent  de Studii Superioare,22 - 24 ani,Peste 5 tranzacții online,5,3,5,5,3,5,4,5,4,3,4,3,4,4,4,Mâncare,de 2-3 ori pe lună,3,4,5,3,2,Am comunicat cu vanzătorul online pentru a remedia situația., , ,Mai mult de 3 ore,Studii universitare,Feminin
2021/04/27 6:01:04 p.m. GMT+3,Student,18 - 21 ani,Mai puțin de 5 tranzacții online,,,,,,,,,,,,,,,,,,,,,,,,,,,,
2021/04/27 6:07:22 p.m. GMT+3,Student,18 - 21 ani,Peste 5 tranzacții online,5,3,5,5,2,5,3,3,2,5,3,1,3,2,5,Accesorii / produse de îngrijire personală,de 2-3 ori pe lună,2,2,2,4,1,Nu am luat nicio acțiune.,Cea testata. Cand am cumparat produse de ingrijire personala pe care le-am testat in trecut,Cand am comandat ceva noi,Mai puțin de 2 ore,Studii liceale,Feminin
2021/04/27 6:08:28 p.m. GMT+3,Absolvent  de Studii Superioare,25 - 30 ani,Peste 5 tranzacții online,4,5,3,3,2,5,4,4,4,4,5,5,5,3,4,Accesorii / produse de îngrijire personală,de 2-3 ori pe lună,2,1,3,2,2,Am comunicat cu vanzătorul online pentru a remedia situația.,"Produse skincar de pe farmaciatei, chiar daca odata au incurcat ceva in comanda, dupa un email au schimbat imediat produsul. Preturi foarte bune si seriozitate maxima. ","Libraria Delfin. A durat aproape o luna sa ajunga comanda, au incurcat ceva, si dupa nenumerate emailuri si convorbiri telefonice am reusit sa primesc cartiile, care erau deja platite...",Mai mult de 3 ore,Studii universitare,Feminin
2021/04/27 6:17:07 p.m. GMT+3,Student,18 - 21 ani,Mai puțin de 5 tranzacții online,,,,,,,,,,,,,,,,,,,,,,,,,,,,
2021/04/27 6:17:24 p.m. GMT+3,Student,18 - 21 ani,Mai puțin de 5 tranzacții online,,,,,,,,,,,,,,,,,,,,,,,,,,,,
2021/04/27 6:17:32 p.m. GMT+3,Student,22 - 24 ani,Mai puțin de 5 tranzacții online,,,,,,,,,,,,,,,,,,,,,,,,,,,,
2021/04/27 6:21:14 p.m. GMT+3,Student,18 - 21 ani,Peste 5 tranzacții online,4,5,5,5,5,4,4,5,4,4,5,4,5,5,2,Accesorii / produse de îngrijire personală,de 2-3 ori pe lună,3,2,4,2,5,Am comunicat cu vanzătorul online pentru a remedia situația.,Un rimel/calitate preț,Măști pentru față,Mai mult de 3 ore,Studii liceale,Feminin
2021/04/27 6:21:59 p.m. GMT+3,Absolvent  de Studii Superioare,25 - 30 ani,Peste 5 tranzacții online,3,4,4,4,1,5,3,4,4,3,5,3,4,1,5,Accesorii / produse de îngrijire personală,de 2-3 ori pe lună,4,2,4,2,2,Am comunicat cu vanzătorul online pentru a remedia situația.,- ,-,Mai mult de 3 ore,Studii post-universitare,Feminin
2021/04/27 6:22:49 p.m. GMT+3,Student,18 - 21 ani,Mai puțin de 5 tranzacții online,,,,,,,,,,,,,,,,,,,,,,,,,,,,
2021/04/27 6:28:38 p.m. GMT+3,Absolvent  de Studii Superioare,25 - 30 ani,Mai puțin de 5 tranzacții online,,,,,,,,,,,,,,,,,,,,,,,,,,,,
2021/04/27 6:37:49 p.m. GMT+3,Student,18 - 21 ani,Peste 5 tranzacții online,5,5,5,5,4,2,3,4,3,4,5,3,4,5,4,Haine și încăltăminte,o dată pe lună,5,3,4,3,2,Nu am luat nicio acțiune.,În cumpărarea hainelor ,Cumpărarea lucrurilor fragile-> ruperea\spargerea lor,Mai mult de 3 ore,Studii universitare,Feminin
2021/04/27 6:42:26 p.m. GMT+3,Absolvent  de Studii Superioare,22 - 24 ani,Mai puțin de 5 tranzacții online,,,,,,,,,,,,,,,,,,,,,,,,,,,,
2021/04/27 6:46:46 p.m. GMT+3,Student,25 - 30 ani,Peste 5 tranzacții online,3,3,3,3,1,3,3,3,3,3,3,3,3,3,4,Mâncare,de 2-3 ori pe săptămână,2,1,2,2,3,Am comunicat cu vanzătorul online pentru a remedia situația.,A ajuns la timp,Nu am avut,Mai mult de 3 ore,Studii universitare,Feminin
2021/04/27 6:49:56 p.m. GMT+3,Absolvent  de Studii Superioare,22 - 24 ani,Mai puțin de 5 tranzacții online,,,,,,,,,,,,,,,,,,,,,,,,,,,,
2021/04/27 6:52:52 p.m. GMT+3,Student,18 - 21 ani,Mai puțin de 5 tranzacții online,,,,,,,,,,,,,,,,,,,,,,,,,,,,
2021/04/27 6:56:35 p.m. GMT+3,Student,22 - 24 ani,Peste 5 tranzacții online,5,5,5,5,1,5,3,3,1,5,4,4,5,3,5,"Skincare, mancare, diverse",de 2-3 ori pe lună,3,2,5,2,2,Am comunicat cu vanzătorul online pentru a remedia situația.,.,.,Mai mult de 3 ore,Studii liceale,Feminin
2021/04/27 6:59:23 p.m. GMT+3,Student,18 - 21 ani,Peste 5 tranzacții online,3,3,3,3,3,4,4,4,3,4,4,5,5,5,5,Haine și încăltăminte,o dată pe săptămână,2,1,3,1,1,Am comunicat cu vanzătorul online pentru a remedia situația.,"Hainele, deoarece am avut o gama variata și am putut sa îmi selectez exact ceea ce voiam","Încălțămintea, niciodata nu îmi gasesc mărimea potrivita",Mai puțin de 2 ore,Studii liceale,Feminin
2021/04/27 6:59:49 p.m. GMT+3,Student,18 - 21 ani,Mai puțin de 5 tranzacții online,,,,,,,,,,,,,,,,,,,,,,,,,,,,
2021/04/27 7:00:28 p.m. GMT+3,Absolvent  de Studii Superioare,22 - 24 ani,Mai puțin de 5 tranzacții online,,,,,,,,,,,,,,,,,,,,,,,,,,,,
2021/04/27 7:01:13 p.m. GMT+3,Absolvent  de Studii Superioare,22 - 24 ani,Mai puțin de 5 tranzacții online,,,,,,,,,,,,,,,,,,,,,,,,,,,,
2021/04/27 7:09:00 p.m. GMT+3,Absolvent  de Studii Superioare,25 - 30 ani,Mai puțin de 5 tranzacții online,,,,,,,,,,,,,,,,,,,,,,,,,,,,
2021/04/27 7:10:56 p.m. GMT+3,Absolvent  de Studii Superioare,22 - 24 ani,Mai puțin de 5 tranzacții online,,,,,,,,,,,,,,,,,,,,,,,,,,,,
2021/04/27 7:12:06 p.m. GMT+3,Absolvent  de Studii Superioare,25 - 30 ani,Peste 5 tranzacții online,5,5,5,5,5,5,5,5,5,5,5,5,5,5,5,Haine și încăltăminte,de 2-3 ori pe săptămână,2,2,2,2,2,Am comunicat cu vanzătorul online pentru a remedia situația.,H&m,Nu a fost.,Mai mult de 3 ore,Studii post-universitare,Feminin
2021/04/27 7:19:54 p.m. GMT+3,Student,18 - 21 ani,Peste 5 tranzacții online,5,4,5,5,1,5,3,4,2,3,4,4,4,2,3,Haine și încăltăminte,o dată pe săptămână,3,2,2,3,1,Am povestit persoanelor apropiate despre experiența negativă.,atunci cand am putut sa cumpar si sa returnez gratis produsele pentru ca asa te decizi mai usor in momentul in care cumperi ceva ,"atunci cand produsele au avut o calitate inferioara iar returnarea, desi facila, presupunea costuri mari de transport ",Între 2-3 ore,Studii liceale,Feminin
2021/04/27 7:23:56 p.m. GMT+3,Student,18 - 21 ani,Peste 5 tranzacții online,5,4,5,5,1,5,4,4,3,3,3,3,4,5,4,Accesorii / produse de îngrijire personală,o dată pe săptămână,4,1,3,1,1,Nu am luat nicio acțiune.,"Cea mai buna a fost pe un site de cosmetice, pe www.isntree.ro, deoarece site-ul e ușor de utilizat și comanda a ajuns repede. ",Cea mai puțin buna a fost tot una de cosmetice pentru ca au ajuns târziu și produsele au lipsit mult din stoc. ,Mai mult de 3 ore,Studii liceale,Feminin
2021/04/27 7:27:29 p.m. GMT+3,Student,18 - 21 ani,Mai puțin de 5 tranzacții online,,,,,,,,,,,,,,,,,,,,,,,,,,,,
2021/04/27 7:27:39 p.m. GMT+3,Student,18 - 21 ani,Mai puțin de 5 tranzacții online,,,,,,,,,,,,,,,,,,,,,,,,,,,,
2021/04/27 7:29:28 p.m. GMT+3,Absolvent  de Studii Superioare,22 - 24 ani,Peste 5 tranzacții online,3,3,5,4,1,4,4,3,3,4,4,2,3,4,4,Haine și încăltăminte,o dată pe lună,2,2,2,2,3,Am comunicat cu vanzătorul online pentru a remedia situația.,Tableta Apple la pret de black-friday.,Am facut niste cumparaturi de pe Aliexperss. Nu au mai ajuns niciodata.,Mai mult de 3 ore,Studii universitare,Masculin
2021/04/27 7:32:48 p.m. GMT+3,Student,18 - 21 ani,Mai puțin de 5 tranzacții online,,,,,,,,,,,,,,,,,,,,,,,,,,,,
2021/04/27 7:39:49 p.m. GMT+3,Student,18 - 21 ani,Peste 5 tranzacții online,3,5,2,2,2,4,4,4,4,4,4,5,5,4,4,Mâncare,o dată pe lună,4,2,3,1,2,Am comunicat cu vanzătorul online pentru a remedia situația.,.,.,Între 2-3 ore,Studii liceale,Feminin
2021/04/27 7:44:11 p.m. GMT+3,Student,18 - 21 ani,Peste 5 tranzacții online,3,3,3,3,2,3,3,3,3,4,4,5,5,4,2,Cărți și reviste,o dată pe lună,5,2,2,2,4,Am comunicat cu vanzătorul online pentru a remedia situația.,Un accesoriu de par ,Jucării ,Mai mult de 3 ore,Studii liceale,Feminin
2021/04/27 7:47:54 p.m. GMT+3,Student,22 - 24 ani,Mai puțin de 5 tranzacții online,,,,,,,,,,,,,,,,,,,,,,,,,,,,
2021/04/27 7:49:30 p.m. GMT+3,Absolvent  de Studii Superioare,25 - 30 ani,Peste 5 tranzacții online,3,1,4,5,1,5,3,4,1,3,2,5,5,5,4,Haine și încăltăminte,o dată pe lună,2,3,1,3,1,Nu am luat nicio acțiune.,-,-,Între 2-3 ore,Studii universitare,Feminin
2021/04/27 7:50:57 p.m. GMT+3,Student,22 - 24 ani,Peste 5 tranzacții online,2,3,3,3,3,3,3,3,3,4,4,4,4,4,4,Haine și încăltăminte,de 2-3 ori pe lună,3,3,3,2,2,Am comunicat cu vanzătorul online pentru a remedia situația.,Când am cumpărat pantofi. Livrarea a fost optimă. ,Am primit coletul foarte târziu.,Mai mult de 3 ore,Studii universitare,Feminin
2021/04/27 7:52:58 p.m. GMT+3,Student,22 - 24 ani,Peste 5 tranzacții online,2,4,4,4,1,1,4,3,3,2,4,4,4,4,3,Accesorii / produse de îngrijire personală,o dată pe lună,4,3,4,4,4,Am comunicat cu vanzătorul online pentru a remedia situația.,"Acizitii de pe siteuri populare, reviewuri bune",La fel de pe siteuri populare din cauza ca nu am primit produsele si nici banii nu au fost rambursati,Mai mult de 3 ore,Studii universitare,Feminin
2021/04/27 7:53:43 p.m. GMT+3,Absolvent  de Studii Superioare,25 - 30 ani,Mai puțin de 5 tranzacții online,,,,,,,,,,,,,,,,,,,,,,,,,,,,
2021/04/27 7:59:12 p.m. GMT+3,Student,18 - 21 ani,Mai puțin de 5 tranzacții online,,,,,,,,,,,,,,,,,,,,,,,,,,,,
2021/04/27 7:59:13 p.m. GMT+3,Student,25 - 30 ani,Peste 5 tranzacții online,4,5,3,4,4,4,4,3,3,3,4,2,3,3,4,Mâncare,o dată pe săptămână,2,2,3,2,1,Am comunicat cu vanzătorul online pentru a remedia situația.,"Nu știu... Mâncarea nu stau sa o fac, până la Oradea nu merg ca sa iau doua monede, iar un aspirator e mai ușor să îți fie adus decât să îl cari.",Când am primit mâncare stricată sau de gramaj mai mic decât comandasem. :)),Mai mult de 3 ore,Studii universitare,Masculin
2021/04/27 8:00:37 p.m. GMT+3,Student,18 - 21 ani,Mai puțin de 5 tranzacții online,,,,,,,,,,,,,,,,,,,,,,,,,,,,
2021/04/27 8:00:59 p.m. GMT+3,Absolvent  de Studii Superioare,22 - 24 ani,Peste 5 tranzacții online,4,5,5,5,4,5,4,5,2,3,4,5,5,5,4,Haine și încăltăminte,o dată pe săptămână,2,2,1,2,1,Am comunicat cu vanzătorul online pentru a remedia situația.,O comanda de produse coametice plasate in jurul orei 15 livrata a doua zi de dimineata si cu o felicitare personalizata.,"Comanda ajunsa in 2 zile in orasul in care trebuia librata, dar a stat 2 saptamani in depozitul curierului. ",Între 2-3 ore,Studii universitare,Feminin
2021/04/27 8:03:32 p.m. GMT+3,Student,18 - 21 ani,Peste 5 tranzacții online,4,4,5,5,4,5,4,4,4,5,5,4,4,4,4,Haine și încăltăminte,o dată pe lună,2,2,3,2,2,Am comunicat cu vanzătorul online pentru a remedia situația.,Nu știu ,Nu știu ,Mai puțin de 2 ore,Studii liceale,Feminin
2021/04/27 8:03:49 p.m. GMT+3,Student,18 - 21 ani,Mai puțin de 5 tranzacții online,,,,,,,,,,,,,,,,,,,,,,,,,,,,
2021/04/27 8:11:50 p.m. GMT+3,Student,22 - 24 ani,Mai puțin de 5 tranzacții online,,,,,,,,,,,,,,,,,,,,,,,,,,,,
2021/04/27 8:16:01 p.m. GMT+3,Student,18 - 21 ani,Mai puțin de 5 tranzacții online,,,,,,,,,,,,,,,,,,,,,,,,,,,,
2021/04/27 8:24:07 p.m. GMT+3,Absolvent  de Studii Superioare,25 - 30 ani,Mai puțin de 5 tranzacții online,,,,,,,,,,,,,,,,,,,,,,,,,,,,
2021/04/27 8:37:30 p.m. GMT+3,Absolvent  de Studii Superioare,25 - 30 ani,Mai puțin de 5 tranzacții online,,,,,,,,,,,,,,,,,,,,,,,,,,,,
2021/04/27 8:38:06 p.m. GMT+3,Student,18 - 21 ani,Mai puțin de 5 tranzacții online,,,,,,,,,,,,,,,,,,,,,,,,,,,,
2021/04/27 8:43:59 p.m. GMT+3,Absolvent  de Studii Superioare,25 - 30 ani,Peste 5 tranzacții online,5,5,5,5,5,5,5,3,5,3,5,5,5,5,5,Accesorii / produse de îngrijire personală,de 2-3 ori pe lună,2,1,2,3,2,Am comunicat cu vanzătorul online pentru a remedia situația.,"Toate comenzile plasate pe Aliexpress..Aceleași produse din tara noastră, dar la un preț mai mic. ",Comenzile de mâncare.. Ar trebui sa gătesc în loc sa dau banii aiurea 🤣,Între 2-3 ore,Studii universitare,Feminin
2021/04/27 8:45:36 p.m. GMT+3,Absolvent  de Studii Superioare,25 - 30 ani,Peste 5 tranzacții online,3,3,3,3,1,4,5,3,3,5,4,4,5,4,5,Accesorii / produse de îngrijire personală,de 2-3 ori pe lună,2,2,3,2,1,Am comunicat cu vanzătorul online pentru a remedia situația.,Achizitia electrocasnicelor,Achizitia de incaltaminte care nu s-a potrivit iar vanzatorul nu a mai raspuns,Între 2-3 ore,Studii universitare,Feminin
2021/04/27 8:46:38 p.m. GMT+3,Student,18 - 21 ani,Mai puțin de 5 tranzacții online,,,,,,,,,,,,,,,,,,,,,,,,,,,,
2021/04/27 8:48:22 p.m. GMT+3,Student,22 - 24 ani,Peste 5 tranzacții online,4,4,4,4,3,4,3,4,4,4,4,4,4,4,4,Haine și încăltăminte,de 2-3 ori pe lună,4,2,2,2,3,Am comunicat cu vanzătorul online pentru a remedia situația.,Cea mai buna experienta a fost cu cei de la FashionDays pentru ca sunt o firma de incredere ,Am comandat o data un set de oje semipermanente iar una dintre ele a venit sparta. Procedura de returnare a fost una extrem de greoaie,Mai mult de 3 ore,Studii liceale,Feminin
2021/04/27 8:48:22 p.m. GMT+3,Student,25 - 30 ani,Mai puțin de 5 tranzacții online,,,,,,,,,,,,,,,,,,,,,,,,,,,,
2021/04/27 8:49:21 p.m. GMT+3,Absolvent  de Studii Superioare,25 - 30 ani,Peste 5 tranzacții online,3,3,4,4,2,4,3,3,3,3,3,3,3,3,3,Accesorii / produse de îngrijire personală,o dată pe lună,3,3,4,2,2,Am comunicat cu vanzătorul online pentru a remedia situația.,"Farmacia tei. Q cosmetice coreene-livrare prompta, produse de calitate","Fashion days- marime nu se potriveau, a fost necesar retur de 3 ori",Mai mult de 3 ore,Studii post-universitare,Feminin
2021/04/27 8:57:16 p.m. GMT+3,Absolvent  de Studii Superioare,25 - 30 ani,Peste 5 tranzacții online,5,5,5,5,3,5,3,4,3,4,5,5,5,3,4,Haine și încăltăminte,o dată pe lună,3,1,3,3,1,Am comunicat cu vanzătorul online pentru a remedia situația.,"Cand am cumpărat șlapi de plaja in val. Max de 120 lei si am primit încălțămintea Nike in valoare de 700 lei, care erau acelas numar. Lucky me😂","Cand am comandat de pe Wish un ceas fitness si am primit doar bratara. 😂
",Între 2-3 ore,Studii universitare,Masculin
2021/04/27 9:08:19 p.m. GMT+3,Absolvent  de Studii Superioare,25 - 30 ani,Mai puțin de 5 tranzacții online,,,,,,,,,,,,,,,,,,,,,,,,,,,,
2021/04/27 9:15:40 p.m. GMT+3,Absolvent  de Studii Superioare,25 - 30 ani,Mai puțin de 5 tranzacții online,,,,,,,,,,,,,,,,,,,,,,,,,,,,
2021/04/27 9:27:39 p.m. GMT+3,Student,22 - 24 ani,Peste 5 tranzacții online,2,4,4,4,1,1,4,3,3,2,4,4,4,4,3,Accesorii / produse de îngrijire personală,o dată pe lună,4,3,4,4,4,Am comunicat cu vanzătorul online pentru a remedia situația.,"Acizitii de pe siteuri populare, reviewuri bune",La fel de pe siteuri populare din cauza ca nu am primit produsele si nici banii nu au fost rambursati,Mai mult de 3 ore,Studii universitare,Feminin
2021/04/27 9:33:10 p.m. GMT+3,Absolvent  de Studii Superioare,25 - 30 ani,Peste 5 tranzacții online,4,5,3,5,1,4,3,,4,3,5,2,3,4,5,Electrocasnice,de 2-3 ori pe lună,2,2,2,2,2,Am comunicat cu vanzătorul online pentru a remedia situația.,"Libris, au fost draguti",Un sitedubios de tricouri din Cipru. De fapt erau intermediari si tricourile au venit din rusia si a trebuit sa merg sa le ridic de la posta vamala.,Mai mult de 3 ore,Studii post-universitare,Masculin
2021/04/27 9:35:22 p.m. GMT+3,Absolvent  de Studii Superioare,22 - 24 ani,Peste 5 tranzacții online,3,5,5,5,4,3,2,3,3,4,5,4,4,3,2,Haine și încăltăminte,de 2-3 ori pe lună,3,2,5,2,3,Am comunicat cu vanzătorul online pentru a remedia situația.,Magazinul AboutYou returnează foarte repede banii.,H&M durează mult comanda ,Mai puțin de 2 ore,Studii universitare,Feminin
2021/04/27 9:37:41 p.m. GMT+3,Absolvent  de Studii Superioare,25 - 30 ani,Peste 5 tranzacții online,5,4,5,4,1,5,4,4,3,3,5,4,5,4,4,Haine și încăltăminte,o dată pe săptămână,1,1,1,1,1,Am comunicat cu vanzătorul online pentru a remedia situația.,"Tot timpul cand comand de pe h&m, sunt foarte promti",cand am trecur ultima cifra de la nr de telefon gresita si nu am primit mail ca nu raspund la telefon aau ceva,Mai puțin de 2 ore,Studii universitare,Feminin
2021/04/27 9:37:43 p.m. GMT+3,Student,18 - 21 ani,Mai puțin de 5 tranzacții online,,,,,,,,,,,,,,,,,,,,,,,,,,,,
2021/04/27 9:41:10 p.m. GMT+3,Absolvent  de Studii Superioare,25 - 30 ani,Mai puțin de 5 tranzacții online,,,,,,,,,,,,,,,,,,,,,,,,,,,,
2021/04/27 9:41:28 p.m. GMT+3,Absolvent  de Studii Superioare,25 - 30 ani,Mai puțin de 5 tranzacții online,,,,,,,,,,,,,,,,,,,,,,,,,,,,
2021/04/27 9:41:37 p.m. GMT+3,Student,18 - 21 ani,Peste 5 tranzacții online,3,3,5,4,1,5,3,5,2,3,3,5,5,5,4,Haine și încăltăminte,de 2-3 ori pe lună,2,2,3,1,2,Am comunicat cu vanzătorul online pentru a remedia situația.,"Cea mai buna achiziție online a fost legată de diferite produse cosmetice/skincare deoarece nu au existat probleme de genul mărime gresita, cusături defecte precum am întâlnit la haine","Cea mai puțin buna experiența a fost cu o firma cunoscuta însă care are sediul in Praga, fiind nevoie de un retur, acesta a durat peste o luna, iar banii nu mi-au fost trimiși rapid in cont, făcându-ma sa cred ca i-am pierdut",Între 2-3 ore,Studii liceale,Feminin
2021/04/27 9:49:02 p.m. GMT+3,Absolvent  de Studii Superioare,22 - 24 ani,Mai puțin de 5 tranzacții online,,,,,,,,,,,,,,,,,,,,,,,,,,,,
2021/04/27 9:49:39 p.m. GMT+3,Student,18 - 21 ani,Peste 5 tranzacții online,3,3,4,3,3,4,3,3,3,3,5,3,4,5,5,Haine și încăltăminte,de 2-3 ori pe lună,5,3,5,4,3,Am comunicat cu vanzătorul online pentru a remedia situația.,Cărți,O comandă About You,Între 2-3 ore,Studii liceale,Feminin
2021/04/27 9:52:58 p.m. GMT+3,Student,18 - 21 ani,Mai puțin de 5 tranzacții online,,,,,,,,,,,,,,,,,,,,,,,,,,,,
2021/04/27 9:53:25 p.m. GMT+3,Student,18 - 21 ani,Mai puțin de 5 tranzacții online,,,,,,,,,,,,,,,,,,,,,,,,,,,,
2021/04/27 9:53:38 p.m. GMT+3,Student,18 - 21 ani,Mai puțin de 5 tranzacții online,,,,,,,,,,,,,,,,,,,,,,,,,,,,
2021/04/27 9:55:42 p.m. GMT+3,Absolvent  de Studii Superioare,22 - 24 ani,Mai puțin de 5 tranzacții online,,,,,,,,,,,,,,,,,,,,,,,,,,,,
2021/04/27 9:56:55 p.m. GMT+3,Absolvent  de Studii Superioare,25 - 30 ani,Peste 5 tranzacții online,3,5,5,5,1,5,3,3,1,2,4,5,4,5,5,Accesorii / produse de îngrijire personală,o dată pe săptămână,4,1,3,4,1,Am comunicat cu vanzătorul online pentru a remedia situația.,_,Când a întârziat curierul foarte mult și am mers la sediu și mi s-a zis că pachetul meu este în depozit dar nu au idee unde. Nu mai comand prin Cargus niciodată. ,Mai mult de 3 ore,Studii post-universitare,Feminin
2021/04/27 9:58:03 p.m. GMT+3,Absolvent  de Studii Superioare,25 - 30 ani,Peste 5 tranzacții online,2,3,3,3,1,5,4,4,3,5,4,3,2,5,5,Cărți și reviste,de 2-3 ori pe lună,4,3,1,3,2,Am comunicat cu vanzătorul online pentru a remedia situația.,Tot ce cumpăr de pe eMAG ajunge repede și in stare perfecta.,Am comandat de la Flanco de doua ori și de doua ori am primit pachetul lovit și cutia foarte rupta. Partea proasta este ca de fiecare data comanda era pentru un cadou și toată surpriza pregătită a fost afectată negativ. ,Între 2-3 ore,Studii post-universitare,Feminin
2021/04/27 10:01:54 p.m. GMT+3,Student,18 - 21 ani,Mai puțin de 5 tranzacții online,,,,,,,,,,,,,,,,,,,,,,,,,,,,
2021/04/27 10:04:30 p.m. GMT+3,Student,18 - 21 ani,Mai puțin de 5 tranzacții online,,,,,,,,,,,,,,,,,,,,,,,,,,,,
2021/04/27 10:04:50 p.m. GMT+3,Student,18 - 21 ani,Mai puțin de 5 tranzacții online,,,,,,,,,,,,,,,,,,,,,,,,,,,,
2021/04/27 10:05:13 p.m. GMT+3,Absolvent  de Studii Superioare,22 - 24 ani,Peste 5 tranzacții online,4,4,4,4,2,5,5,4,5,5,5,5,5,5,4,Cărți și reviste,de 2-3 ori pe lună,2,3,3,3,4,Am comunicat cu vanzătorul online pentru a remedia situația.,"Produsele comandata de pe site-ul celor de la Carturesti au ajuns mereu in stare foarte buna, ofera împachetare pentru cadou gratuit iar costul de livrare nu se mai aplica de la anumita suma, modică, după parerea mea.","Comenzile de la eMag sunt destul de problematice, un anumit produsba trebuit sa il returnez de 2 ori din cauza defectelor, iar livrarea este gratuita doar de la o suma destul de mare. Exista mereu si acel tarif de procesare al comenzii.",Mai mult de 3 ore,Studii universitare,Masculin
2021/04/27 10:15:39 p.m. GMT+3,Absolvent  de Studii Superioare,22 - 24 ani,Peste 5 tranzacții online,5,5,5,5,5,4,5,5,3,3,5,5,5,5,5,Accesorii / produse de îngrijire personală,o dată pe săptămână,5,4,3,3,2,Am comunicat cu vanzătorul online pentru a remedia situația.,"Produse de beauty comandate din SUA, ajunse in maxim 14 zile in posesia mea. Am beneficiat de transport gratuit.",Produse comandate de pe site-uri asiatice. Dureaza prea mult timp sa ajunga produsele.,Mai mult de 3 ore,Studii universitare,Feminin
2021/04/27 10:16:57 p.m. GMT+3,Student,22 - 24 ani,Mai puțin de 5 tranzacții online,,,,,,,,,,,,,,,,,,,,,,,,,,,,
2021/04/27 10:20:50 p.m. GMT+3,Absolvent  de Studii Superioare,25 - 30 ani,Mai puțin de 5 tranzacții online,,,,,,,,,,,,,,,,,,,,,,,,,,,,
2021/04/27 10:23:17 p.m. GMT+3,Absolvent  de Studii Superioare,25 - 30 ani,Mai puțin de 5 tranzacții online,,,,,,,,,,,,,,,,,,,,,,,,,,,,
2021/04/27 10:28:54 p.m. GMT+3,Absolvent  de Studii Superioare,22 - 24 ani,Peste 5 tranzacții online,5,5,3,5,2,5,5,5,3,5,5,3,5,5,5,Mâncare,o dată pe lună,2,1,4,4,1,Încă nu am avut probleme,"La Carturesti, când am primit cartea împachetată in cutie de cadou ",Când am modificat adresa de livrare și a întârziat foarte mult,Mai puțin de 2 ore,Studii universitare,Masculin
2021/04/27 10:34:17 p.m. GMT+3,Student,18 - 21 ani,Peste 5 tranzacții online,4,2,5,5,3,5,4,4,2,4,4,2,4,4,4,Haine și încăltăminte,de 2-3 ori pe lună,2,1,1,1,1,Am comunicat cu vanzătorul online pentru a remedia situația.,"Printre achizițiile mele cele mai bune se numără hainele cumpărate de pe platforma AboutYou, datorită varietății de firme și produse, prețuri avantajoase și coduri de reducere, precum și datorită livrării rapide, fără costuri de transport sau de retur. ","Cea mai puțin bună a fost o comandă de produse pentru casă de pe un site deloc cunoscut, când nu am primit ceea ce am comandat și nu am putut contacta firma pentru o perioadă de timp, dar nici atunci când mi-au retrimis produsul nu a fost cel bun. ",Mai mult de 3 ore,Studii liceale,Feminin
2021/04/27 10:37:13 p.m. GMT+3,Student,22 - 24 ani,Mai puțin de 5 tranzacții online,,,,,,,,,,,,,,,,,,,,,,,,,,,,
2021/04/27 10:44:35 p.m. GMT+3,Student,18 - 21 ani,Peste 5 tranzacții online,3,1,3,3,1,5,4,3,3,3,5,4,5,5,5,Accesorii / produse de îngrijire personală,de 2-3 ori pe săptămână,3,1,4,2,2,Am comunicat cu vanzătorul online pentru a remedia situația.,Achiziționarea unor produse de skincare de pe QCosmetics pt ca am primit multe produse gratis din partea echipei.,Achiziționarea unui MacBook de pe site-ul IStyle deoarece timpul de livrare al comenzii a fost depășit cu aproximativ o luna fata de data la care trebuia sa îmi fie livrat laptopul.,Între 2-3 ore,Studii liceale,Feminin
2021/04/27 10:52:19 p.m. GMT+3,Student,18 - 21 ani,Mai puțin de 5 tranzacții online,,,,,,,,,,,,,,,,,,,,,,,,,,,,
2021/04/27 11:00:52 p.m. GMT+3,Student,22 - 24 ani,Peste 5 tranzacții online,3,4,2,4,3,4,4,2,1,2,4,2,4,1,5,Haine și încăltăminte,o dată pe lună,4,1,3,1,1,Am comunicat cu vanzătorul online pentru a remedia situația.,Timpul este mai scurt,Costul de livrare,Mai mult de 3 ore,Studii liceale,Feminin
2021/04/27 11:02:30 p.m. GMT+3,Absolvent  de Studii Superioare,22 - 24 ani,Peste 5 tranzacții online,2,5,3,5,2,5,4,3,3,4,5,3,5,5,3,Accesorii / produse de îngrijire personală,de 2-3 ori pe lună,2,1,1,1,1,Am comunicat cu vanzătorul online pentru a remedia situația.,In relație cu un magazin de pantofi. Politica de retur foarte rapida și usoara,Nu am avut experiente negative,Mai mult de 3 ore,Studii universitare,Feminin
2021/04/27 11:17:37 p.m. GMT+3,Student,22 - 24 ani,Peste 5 tranzacții online,2,5,3,4,4,5,5,5,5,3,5,4,5,3,5,Mâncare,o dată pe lună,4,2,4,4,3,Am comunicat cu vanzătorul online pentru a remedia situația.,-,-,Mai mult de 3 ore,Studii liceale,Feminin
2021/04/27 11:18:53 p.m. GMT+3,Absolvent  de Studii Superioare,25 - 30 ani,Peste 5 tranzacții online,3,4,5,5,1,5,4,4,4,5,3,5,3,3,4,Cărți și reviste,de 2-3 ori pe lună,3,2,2,3,2,Am comunicat cu vanzătorul online pentru a remedia situația.,"Acum ceva timp intr-o comanda facuta la sephora au trimis un produs gresit, am fost impresionata de promptitudinea cu care acestia au raspuns si au rezolvat problema 😊. Nu a fost necesar ca produsul “incurcat” sa ajunga la ei pentru a putea primii produsul bun. Am facut schimb la curier 😊
Deasemenea la melkior am facut o comanda (erau reduceri) si chiar daca in momentul realizarii comenzii produsele erau pe stoc am primit e-mail ca nu mai sunt pe stoc dar imi pot alege in locul acelor produse altele beneficind de aceeasi reducere (am apreciat faptul ca au facut acest lucru desi nu erau obligati )","Am comandat cateva produse de la Pupa, iar un produs nu a ajuns (pentru care defapt am pus comanda). Am reusit sa discut intr-un final cu cineva si mi s-a spus ca nu imi pot livra doar acel produs, dar imi pot trimite un voucher in valoare de x lei pe care il pot utiliza pentru comenzi de minim x lei. Eu imi doream acel produs (pe care sa il  comand din nou nu se incadra in suma minima pentru a utiliza voucherul) , restul produselor de care as fi avut nevoie au venit in comanda initiala . Deci nu am utilizat voucherul, intr-un fel ideea era sa comand si mai mult de la ei si nu m-a incantat. ",Între 2-3 ore,Studii post-universitare,Feminin
2021/04/27 11:21:40 p.m. GMT+3,Absolvent  de Studii Superioare,25 - 30 ani,Peste 5 tranzacții online,3,3,3,3,1,5,4,4,4,5,4,5,5,2,5,Accesorii / produse de îngrijire personală,de 2-3 ori pe lună,4,2,5,4,3,Am comunicat cu vanzătorul online pentru a remedia situația.,-,-,Între 2-3 ore,Studii post-universitare,Feminin
2021/04/27 11:29:22 p.m. GMT+3,Student,18 - 21 ani,Mai puțin de 5 tranzacții online,,,,,,,,,,,,,,,,,,,,,,,,,,,,
2021/04/27 11:46:19 p.m. GMT+3,Absolvent  de Studii Superioare,22 - 24 ani,Mai puțin de 5 tranzacții online,,,,,,,,,,,,,,,,,,,,,,,,,,,,
2021/04/27 11:58:14 p.m. GMT+3,Student,18 - 21 ani,Mai puțin de 5 tranzacții online,,,,,,,,,,,,,,,,,,,,,,,,,,,,
2021/04/28 12:03:43 a.m. GMT+3,Student,18 - 21 ani,Mai puțin de 5 tranzacții online,,,,,,,,,,,,,,,,,,,,,,,,,,,,
2021/04/28 12:05:22 a.m. GMT+3,Absolvent  de Studii Superioare,25 - 30 ani,Peste 5 tranzacții online,4,4,4,4,2,5,5,2,5,3,3,3,5,3,3,Haine și încăltăminte,o dată pe lună,2,2,2,3,4,Am comunicat cu vanzătorul online pentru a remedia situația.,-,"Am cumpărat un produs de pe un site și a venit spart. Experiența neplăcuta a fost când a trebuit sa fac returul. Atâta din partea companiei, cât și din partea firmei se curierat. ",Între 2-3 ore,Studii post-universitare,Feminin
2021/04/28 12:05:56 a.m. GMT+3,Absolvent  de Studii Superioare,22 - 24 ani,Mai puțin de 5 tranzacții online,,,,,,,,,,,,,,,,,,,,,,,,,,,,
2021/04/28 12:11:00 a.m. GMT+3,Absolvent  de Studii Superioare,25 - 30 ani,Peste 5 tranzacții online,3,3,4,4,4,5,5,5,4,3,5,4,5,5,5,Haine și încăltăminte,de 2-3 ori pe săptămână,2,1,2,2,1,Am comunicat cu vanzătorul online pentru a remedia situația.,"Momentul in care am achiziționat o pereche superba de cercei de aur, au fost peste așteptări.",Momentul in care am comandat ceva iar produsul a prezentat semne de uzura.,Între 2-3 ore,Studii post-universitare,Feminin
2021/04/28 12:11:39 a.m. GMT+3,Absolvent  de Studii Superioare,25 - 30 ani,Peste 5 tranzacții online,2,5,5,5,3,5,3,4,4,3,4,5,4,4,5,Cărți și reviste,o dată pe lună,2,2,1,3,2,Am comunicat cu vanzătorul online pentru a remedia situația.,"Comenzile la care primesc mici cadouri, fără să știu. Mă surprinde plăcut și mă încarcă de energie bună. ","Refuzul inițial al unui magazin de a-mi schimba produsul venit în altă culoare decât cea comandată, deși vina le aparținea. Au urmat negocieri (mi-au oferit un voucher/promisiunea că vor pune produsul corect în viitoarea comandă pe care o fac/să plătesc eu transportul). A trebuit să fac ""scandal"" ca să se rezolve în mod corect. Nu mai comanda niciodată de la ei. ",Mai mult de 3 ore,Studii universitare,Feminin
2021/04/28 12:25:51 a.m. GMT+3,Student,18 - 21 ani,Mai puțin de 5 tranzacții online,,,,,,,,,,,,,,,,,,,,,,,,,,,,
2021/04/28 12:34:54 a.m. GMT+3,Student,22 - 24 ani,Mai puțin de 5 tranzacții online,,,,,,,,,,,,,,,,,,,,,,,,,,,,
2021/04/28 12:36:50 a.m. GMT+3,Student,18 - 21 ani,Mai puțin de 5 tranzacții online,,,,,,,,,,,,,,,,,,,,,,,,,,,,
2021/04/28 12:39:56 a.m. GMT+3,Student,18 - 21 ani,Mai puțin de 5 tranzacții online,,,,,,,,,,,,,,,,,,,,,,,,,,,,
2021/04/28 1:00:12 a.m. GMT+3,Student,18 - 21 ani,Mai puțin de 5 tranzacții online,,,,,,,,,,,,,,,,,,,,,,,,,,,,
2021/04/28 1:40:47 a.m. GMT+3,Student,18 - 21 ani,Mai puțin de 5 tranzacții online,,,,,,,,,,,,,,,,,,,,,,,,,,,,
2021/04/28 1:58:32 a.m. GMT+3,Absolvent  de Studii Superioare,25 - 30 ani,Peste 5 tranzacții online,5,5,5,5,4,5,5,5,3,5,4,4,4,3,5,Accesorii / produse de îngrijire personală,de 2-3 ori pe lună,4,3,3,3,4,Am comunicat cu vanzătorul online pentru a remedia situația.,Nu am una anume,"O achiziție in care nu am agreat asupra returului, deși condițiile de pe site erau clare, mi s-au invocat tot felul de motive",Mai mult de 3 ore,Studii post-universitare,Feminin
2021/04/28 2:03:53 a.m. GMT+3,Student,18 - 21 ani,Mai puțin de 5 tranzacții online,,,,,,,,,,,,,,,,,,,,,,,,,,,,
2021/04/28 2:37:55 a.m. GMT+3,Student,18 - 21 ani,Peste 5 tranzacții online,4,4,3,3,3,4,2,3,2,1,3,3,3,4,5,Cărți și reviste,o dată pe lună,2,2,3,2,3,Am comunicat cu vanzătorul online pentru a remedia situația.,",",",",Mai mult de 3 ore,Studii liceale,Feminin
2021/04/28 4:30:27 a.m. GMT+3,Student,18 - 21 ani,Peste 5 tranzacții online,5,5,5,5,3,5,4,4,4,5,4,5,4,3,4,Haine și încăltăminte,de 2-3 ori pe săptămână,3,2,3,2,2,Am comunicat cu vanzătorul online pentru a remedia situația.,-,-,Între 2-3 ore,Studii liceale,Feminin
2021/04/28 5:34:35 a.m. GMT+3,Absolvent  de Studii Superioare,25 - 30 ani,Peste 5 tranzacții online,5,5,5,5,5,4,4,4,4,2,4,4,4,2,5,Haine și încăltăminte,de 2-3 ori pe lună,4,1,4,1,1,Nu am luat nicio acțiune.,Produsele comandate ,Nu mi s- a livrat ce am cerut,Mai mult de 3 ore,Studii post-universitare,Feminin
2021/04/28 6:00:24 a.m. GMT+3,Absolvent  de Studii Superioare,22 - 24 ani,Peste 5 tranzacții online,5,5,4,3,2,5,3,4,2,3,4,2,5,2,4,Haine și încăltăminte,de 2-3 ori pe lună,2,1,1,1,2,Am comunicat cu vanzătorul online pentru a remedia situația.,-,-,Între 2-3 ore,Studii universitare,Feminin
2021/04/28 7:42:53 a.m. GMT+3,Student,18 - 21 ani,Peste 5 tranzacții online,4,3,4,4,4,4,4,4,4,3,3,3,4,4,4,Haine și încăltăminte,de 2-3 ori pe lună,3,1,2,2,1,Nu am luat nicio acțiune.,Achizitiile de la Sinsay,Nu am ,Mai mult de 3 ore,Studii liceale,Feminin
2021/04/28 8:24:34 a.m. GMT+3,Student,22 - 24 ani,Peste 5 tranzacții online,5,5,3,4,5,5,3,3,4,2,5,5,3,4,3,Accesorii / produse de îngrijire personală,de 2-3 ori pe lună,3,1,3,3,1,Nu am luat nicio acțiune.,-,-,Între 2-3 ore,Studii liceale,Feminin
2021/04/28 9:29:39 a.m. GMT+3,Student,18 - 21 ani,Mai puțin de 5 tranzacții online,,,,,,,,,,,,,,,,,,,,,,,,,,,,
2021/04/28 9:43:53 a.m. GMT+3,Student,18 - 21 ani,Peste 5 tranzacții online,5,5,5,5,5,4,5,5,4,5,5,5,5,5,1,Haine și încăltăminte,de 2-3 ori pe săptămână,4,4,5,4,3,Am comunicat cu vanzătorul online pentru a remedia situația.,Q cosmetics pentru promptitudine ,"E pantofi, nu au trimis banii inapoi in urma returului",Mai mult de 3 ore,Studii universitare,Feminin
2021/04/28 9:51:49 a.m. GMT+3,Absolvent  de Studii Superioare,22 - 24 ani,Peste 5 tranzacții online,5,5,5,5,3,5,5,5,5,5,4,4,5,4,4,Haine și încăltăminte,o dată pe lună,3,1,2,3,1,Am comunicat cu vanzătorul online pentru a remedia situația.,"calitatea. Atunci cand cumpar un produs, pentru mine e foarte important sa se respecte acest aspect al calitatii.","Marime mai mica decat pe site, si nu am reusit sa returnez.",Între 2-3 ore,Studii universitare,Feminin
2021/04/28 9:55:15 a.m. GMT+3,Absolvent  de Studii Superioare,22 - 24 ani,Peste 5 tranzacții online,5,5,5,5,4,5,5,5,3,3,4,4,5,5,5,Accesorii / produse de îngrijire personală,de 2-3 ori pe lună,2,2,4,2,2,Am comunicat cu vanzătorul online pentru a remedia situația.,Majoritatea experiențelor au fost bune deoarece m-am documentat inainte de a face o achiziție online,Cand am așteptat foarte mult timp produsul si nici nu a mai fost livrat,Între 2-3 ore,Studii universitare,Feminin
2021/04/28 9:58:04 a.m. GMT+3,Absolvent  de Studii Superioare,25 - 30 ani,Peste 5 tranzacții online,4,4,4,4,1,5,3,4,3,3,5,5,5,5,5,Electronice,de 2-3 ori pe lună,5,3,4,3,2,Am comunicat cu vanzătorul online pentru a remedia situația.,Mereu cand am comandat de pe site-uri din strainatate calitatea serviciilor a fost superioara,Am platit online un produs si cand a sosit curierul acesta mi-a cerut sa ii platesc produsul cash datorita unei discrepante in sistemele lor,Mai mult de 3 ore,Studii post-universitare,Masculin
2021/04/28 10:01:10 a.m. GMT+3,Absolvent  de Studii Superioare,25 - 30 ani,Peste 5 tranzacții online,4,4,5,5,4,4,3,4,4,5,5,4,5,5,5,Haine și încăltăminte,de 2-3 ori pe lună,3,2,3,3,3,Am comunicat cu vanzătorul online pentru a remedia situația.,Timpul de livrare,Defect la produs,Între 2-3 ore,Studii post-universitare,Feminin
2021/04/28 10:30:42 a.m. GMT+3,Student,18 - 21 ani,Peste 5 tranzacții online,4,5,5,5,2,4,5,5,3,5,2,2,5,5,3,Accesorii / produse de îngrijire personală,o dată pe săptămână,5,2,4,1,1,Nu am luat nicio acțiune.,Am avut foarte multe experiențe bune în ceea ce privește achizițiile online.,"A fost cu Mobilfox deoarece am comandat 3 huse de telefon la lansare, iar livrarea a durat 2 luni și o săptămână. Chiar credeam ca nu vor mai veni. Ei tot trimiteau mail-uri ""Ne cerem scuze, numărul de comenzi la lansare a fost foarte mare. Încercăm sa trimitem toate comenzile la timp"". Și cam atât. Nu răspundeau individual la mail-urile cu nemulțumiri.",Mai mult de 3 ore,Studii liceale,Feminin
2021/04/28 10:39:43 a.m. GMT+3,Absolvent  de Studii Superioare,25 - 30 ani,Peste 5 tranzacții online,4,5,4,4,1,4,4,4,4,2,5,4,4,5,5,Mâncare,o dată pe săptămână,2,1,4,2,1,Am scris o recenzie pe un blog.,Un shampon care are efecte benefice asupra parului meu.,"mancarea care o  puteam prepara si acasa, dar de lene am comandat.",Între 2-3 ore,Studii universitare,Feminin
2021/04/28 11:32:19 a.m. GMT+3,Student,18 - 21 ani,Mai puțin de 5 tranzacții online,,,,,,,,,,,,,,,,,,,,,,,,,,,,
2021/04/28 11:50:50 a.m. GMT+3,Student,18 - 21 ani,Mai puțin de 5 tranzacții online,,,,,,,,,,,,,,,,,,,,,,,,,,,,
2021/04/28 11:51:18 a.m. GMT+3,Student,22 - 24 ani,Peste 5 tranzacții online,2,4,4,4,2,3,3,3,3,3,1,1,4,4,4,Haine și încăltăminte,de 2-3 ori pe lună,3,2,2,2,2,L-am returnat,.,.,Mai mult de 3 ore,Studii liceale,Feminin
2021/04/28 11:51:57 a.m. GMT+3,Student,22 - 24 ani,Peste 5 tranzacții online,2,4,4,4,2,3,3,3,3,3,1,1,4,4,4,Haine și încăltăminte,de 2-3 ori pe lună,3,2,2,2,2,L-am returnat,.,.,Mai mult de 3 ore,Studii liceale,Feminin
2021/04/28 12:04:38 p.m. GMT+3,Student,18 - 21 ani,Peste 5 tranzacții online,5,5,4,5,4,5,5,5,4,3,3,5,5,5,5,Haine și încăltăminte,o dată pe lună,1,1,5,2,2,Am comunicat cu vanzătorul online pentru a remedia situația.,"De pe about you, am avut o experienta bună și cu calitatea și cu promptitudinea livrarii",Nu am avut. ,Mai mult de 3 ore,Studii universitare,Feminin
2021/04/28 12:14:08 p.m. GMT+3,Absolvent  de Studii Superioare,22 - 24 ani,Mai puțin de 5 tranzacții online,,,,,,,,,,,,,,,,,,,,,,,,,,,,
2021/04/28 12:53:21 p.m. GMT+3,Student,18 - 21 ani,Peste 5 tranzacții online,3,5,5,5,5,3,4,4,3,4,4,4,5,5,3,Cărți și reviste,o dată pe lună,4,2,4,3,4,Am povestit persoanelor apropiate despre experiența negativă.,"Toate au fost experiențe ok, am reușit să plătesc cu cardul direct și să îmi ajungă acasă doar ce am comandat, deși înainte eram paranoică în ceea ce privește plățile online și tot timpul preferam ramburs.",Nu au existat situații.,Mai mult de 3 ore,Studii liceale,Feminin
2021/04/28 12:57:09 p.m. GMT+3,Student,18 - 21 ani,Peste 5 tranzacții online,5,1,5,5,3,3,5,5,5,3,3,3,4,4,4,Mâncare,o dată pe săptămână,3,3,5,4,3,Nu am luat nicio acțiune., , ,Între 2-3 ore,Studii liceale,Masculin
2021/04/28 1:42:17 p.m. GMT+3,Student,25 - 30 ani,Peste 5 tranzacții online,4,5,5,5,4,5,4,4,4,5,5,5,5,5,5,Electrocasnice,o dată pe săptămână,3,2,2,1,1,Am comunicat cu vanzătorul online pentru a remedia situația.,"Momentul in care am achiziționat o piesa auto, a ajuns cu probleme, dar am comunicat extrem de ușor cu vânzătorul și am remediat situația in 2 zile. A fost un lucru extrem de bun ca am reușit sa rezolvam situația repede, nu am avut costuri extra și comunicarea a fost foarte buna. ",Încă nu am întâmpinat. ,Mai mult de 3 ore,Studii post-universitare,Feminin
2021/04/28 1:45:50 p.m. GMT+3,Absolvent  de Studii Superioare,25 - 30 ani,Peste 5 tranzacții online,3,5,5,4,3,5,4,5,4,4,5,4,4,5,5,Accesorii / produse de îngrijire personală,o dată pe lună,2,1,3,2,1,nu am avut aceasta situatie,"Achizitia de produse de ingrijire personala/ skincare. Totul a fost ca pe site, site user friendly/ timp de livrare scurt, impachetare draguta/ mesaj dragut.",Intarziere comanda,Mai mult de 3 ore,Studii universitare,Feminin
2021/04/28 3:14:36 p.m. GMT+3,Student,18 - 21 ani,Peste 5 tranzacții online,1,5,5,5,3,4,2,1,1,4,5,5,5,5,2,Cărți și reviste,de 2-3 ori pe lună,2,1,1,1,1,N-am întâmpinat probleme,Achiziție de cărți. Vin cel mai repede ,Haine. Mi-a venit comanda peste 3 săptămâni ,Mai mult de 3 ore,Studii liceale,Feminin
2021/04/28 3:51:08 p.m. GMT+3,Absolvent  de Studii Superioare,25 - 30 ani,Peste 5 tranzacții online,2,3,2,2,3,4,4,3,4,4,5,5,5,5,5,Accesorii / produse de îngrijire personală,o dată pe săptămână,2,1,1,3,3,Nu am luat nicio acțiune.,"Pe site-urile mari ( ex:Emag, About you, Elefant) deoarece raportul calitate-pret a fost unul echilibrat si pozitiv.","Site-uri din strainatate, deoarece calitatea produselor nu era in conformitate cu ceea ce era prezentat pe site ",Între 2-3 ore,Studii post-universitare,Feminin
2021/04/28 3:52:16 p.m. GMT+3,Student,18 - 21 ani,Mai puțin de 5 tranzacții online,,,,,,,,,,,,,,,,,,,,,,,,,,,,
2021/04/28 3:59:22 p.m. GMT+3,Absolvent  de Studii Superioare,25 - 30 ani,Mai puțin de 5 tranzacții online,,,,,,,,,,,,,,,,,,,,,,,,,,,,
2021/04/28 4:00:10 p.m. GMT+3,Absolvent  de Studii Superioare,25 - 30 ani,Peste 5 tranzacții online,1,5,2,2,1,5,5,5,2,5,4,5,3,5,5,Accesorii / produse de îngrijire personală,de 2-3 ori pe lună,1,1,3,2,2,Am comunicat cu vanzătorul online pentru a remedia situația.,"Accesul la orice produs de care am nevoie, rapid, la indemana, la preturi similare ca in magazinele fizice.","Avand in vedere optiunea de livrare, tendinta de a cumpara mai mult este din ce in ce mai greu de controlat. 🙈 ",Între 2-3 ore,Studii post-universitare,Feminin
2021/04/28 4:01:46 p.m. GMT+3,Absolvent  de Studii Superioare,25 - 30 ani,Mai puțin de 5 tranzacții online,,,,,,,,,,,,,,,,,,,,,,,,,,,,
2021/04/28 4:05:23 p.m. GMT+3,Student,18 - 21 ani,Mai puțin de 5 tranzacții online,,,,,,,,,,,,,,,,,,,,,,,,,,,,
2021/04/28 4:10:47 p.m. GMT+3,Student,25 - 30 ani,Peste 5 tranzacții online,5,5,5,5,3,5,5,5,5,5,3,5,5,3,4,Accesorii / produse de îngrijire personală,de 2-3 ori pe lună,3,3,5,5,4,Am comunicat cu vanzătorul online pentru a remedia situația.,-,-,Mai mult de 3 ore,Studii universitare,Feminin
2021/04/28 4:45:15 p.m. GMT+3,Absolvent  de Studii Superioare,22 - 24 ani,Peste 5 tranzacții online,5,5,5,5,1,5,5,2,4,2,3,5,5,4,5,Haine și încăltăminte,de 2-3 ori pe lună,3,1,2,3,2,Am comunicat cu vanzătorul online pentru a remedia situația.,Laptop-ul personal pe care il folosesc la munca si la cursuri. Am putut sa verific oferta in asa fel incat sa il cumpar in momentul in care pretul a scazut semnificativ. Alegera am facut-o dupa multe comparatii intre oferte online si dupa ce am citit mai multe recenzii. ,"Am cumparat un scaun de birou care era prea rigid. Spatarul era curbat iar curbura spatelui meu nu se plia pe curbura spatarului, motiv pentru care nu era deloc comfortabil. Culoarea era diferita de asemenea si nu se potrivea cu biroul. Unul din criteriile alegerii a fost exact culoarea. Dupa retur mi-au retinut bani atat pentru transport cat si pentru faptul ca ambalajul original fusese deteriorat, ceea ce mi s-a parut putin exagerat avand in vedere ca ambalajul era o cutie de carton. ",Mai mult de 3 ore,Studii universitare,Feminin
2021/04/28 4:51:56 p.m. GMT+3,Absolvent  de Studii Superioare,25 - 30 ani,Peste 5 tranzacții online,5,5,5,5,5,5,3,3,3,4,5,5,5,5,4,Haine și încăltăminte,o dată pe lună,2,2,2,2,1,Am comunicat cu vanzătorul online pentru a remedia situația.,Nu știu exact care ar fi cea mai bună însă știu sigur că achizițiile online făcute la About you au fost mereu de calitate înaltă.  ,Nu îmi amintesc cum se numește site-ul însă nu am avut experiențe prea bune când am comandat produse ieftine și de proastă calitate. ,Mai mult de 3 ore,Studii universitare,Feminin
2021/04/28 4:54:45 p.m. GMT+3,Absolvent  de Studii Superioare,22 - 24 ani,Mai puțin de 5 tranzacții online,,,,,,,,,,,,,,,,,,,,,,,,,,,,
2021/04/28 5:16:47 p.m. GMT+3,Absolvent  de Studii Superioare,25 - 30 ani,Peste 5 tranzacții online,5,5,5,5,3,5,5,5,4,3,4,4,4,3,5,Accesorii / produse de îngrijire personală,de 2-3 ori pe săptămână,2,2,5,3,3,Am comunicat cu vanzătorul online pentru a remedia situația.,-,-,Între 2-3 ore,Studii post-universitare,Feminin
2021/04/28 5:34:06 p.m. GMT+3,Absolvent  de Studii Superioare,22 - 24 ani,Peste 5 tranzacții online,5,5,5,5,3,5,5,3,4,3,4,4,5,3,5,Cărți și reviste,o dată pe săptămână,2,1,3,2,1,Am comunicat cu vanzătorul online pentru a remedia situația.,Supererou.ro Deoarece au răspuns imediat intrebarilor adresate,Mancarea nu a fost bine gătită si in urma contactării nu am primit nici un răspuns. ,Mai mult de 3 ore,Studii universitare,Masculin
2021/04/28 5:40:59 p.m. GMT+3,Absolvent  de Studii Superioare,22 - 24 ani,Mai puțin de 5 tranzacții online,,,,,,,,,,,,,,,,,,,,,,,,,,,,
2021/04/28 6:12:23 p.m. GMT+3,Student,25 - 30 ani,Peste 5 tranzacții online,4,5,5,5,4,5,4,4,4,5,5,5,5,5,5,Electrocasnice,o dată pe săptămână,3,2,2,1,1,Am comunicat cu vanzătorul online pentru a remedia situația.,"Momentul in care am achiziționat o piesa auto, a ajuns cu probleme, dar am comunicat extrem de ușor cu vânzătorul și am remediat situația in 2 zile. A fost un lucru extrem de bun ca am reușit sa rezolvam situația repede, nu am avut costuri extra și comunicarea a fost foarte buna. ",Încă nu am întâmpinat. ,Mai mult de 3 ore,Studii post-universitare,Feminin
2021/04/28 7:50:20 p.m. GMT+3,Absolvent  de Studii Superioare,25 - 30 ani,Peste 5 tranzacții online,5,5,5,5,1,5,5,5,4,5,5,3,5,3,5,Haine și încăltăminte,de 2-3 ori pe lună,5,3,4,3,3,Am comunicat cu vanzătorul online pentru a remedia situația.,"1. Ghete pt trekking. Acest tip de produs are un preț ridicat, daca se alege o calitate superioara, motiv pentru care am urmarit o perioada mai lunga fluctuatia preturilor, astfel incat am facut achizitia la cel mai bun pret. ","Fotolii. Calitate proasta in realitate, comparativ cu cea afisata pe site. Produsele au fost returnate.",Mai puțin de 2 ore,Studii post-universitare,Feminin
2021/04/30 10:28:15 p.m. GMT+3,Absolvent  de Studii Superioare,22 - 24 ani,Peste 5 tranzacții online,4,5,5,5,4,4,4,5,3,3,5,4,5,4,4,Mâncare,de 2-3 ori pe săptămână,3,1,3,1,1,Am comunicat cu vanzătorul online pentru a remedia situația.,"Consider ca, cea mai buna experienta privind achizitiile online, face parte din categoria de produse de mancare, deoarece timpul de livrare este relativ scurt, iar gama de produse este variata, fiind foarte accesibila achizitia online prin intermediul aplicatiilor mobile.","Consider ca, cea mai putin buna experienta privind achizitiile online, face parte din categoria de produse de haine si incaltaminte, deoarece timpul de livrare este relativ mare, iar informatiile privind gama de produse nu coincid intotdeauna cu cerintele personale.",Mai mult de 3 ore,Studii universitare,Feminin
2021/05/01 12:03:31 p.m. GMT+3,Absolvent  de Studii Superioare,22 - 24 ani,Peste 5 tranzacții online,3,3,3,3,1,5,5,5,5,3,5,4,5,1,3,Cărți și reviste,de 2-3 ori pe lună,4,1,4,4,5,Am comunicat cu vanzătorul online pentru a remedia situația.,"Achizitiile de carti, caci le gasesc la pret mai redus.",Achizițiile de pe site uri neverificate.,Mai puțin de 2 ore,Studii post-universitare,Feminin
2021/05/04 8:29:25 a.m. GMT+3,Absolvent  de Studii Superioare,25 - 30 ani,Peste 5 tranzacții online,4,4,4,3,1,4,3,3,1,3,3,4,2,2,5,Haine și încăltăminte,de 2-3 ori pe lună,2,2,3,3,1,Am comunicat cu vanzătorul online pentru a remedia situația.,"Am facut retur la o comanda, iar a doua zi mi-au pus banii pe card (neasteptat de repede)","Datorita lipsei de comunicare, la plasarea comenzii am fost sigura ca va veni cu curierul la adresa pusa la comanda, iar comanda a venit la posta ( aducand produsele din Italia, le-a trimis direct la posta, lucru care nu era mentionat niciunde), dupa mai multe e-mailuri si intrebari, mi-am recuperat coletul",Mai puțin de 2 ore,Studii universitare,Feminin
